,mean,sd,hdi_2.5%,hdi_97.5%,mpv
$\beta_1$,0.30666410118778303,0.001543777851005496,0.3035773343298097,0.3095710706028247,0.3066131833417157
$\beta_2$,0.03342174709312156,0.000235746910081029,0.0329875718893265,0.0338896080097931,0.033375154074972935
$\beta_3$,0.10895677326455924,0.0003105134041749853,0.10835081873223938,0.10957873415260332,0.1089220490308622
$\beta_4$,0.0007713370435371983,1.3066095565373425e-05,0.0007461778015386999,0.0007981328611832,0.000773033955534493
